Variable / Field Name,Form Name,Section Header,Field Type,Field Label,"Choices, Calculations, OR Slider Labels",Field Note,Text Validation Type OR Show Slider Number,Text Validation Min,Text Validation Max,Identifier?,Branching Logic (Show field only if...),Required Field?,Custom Alignment,Question Number (surveys only),Matrix Group Name,Matrix Ranking?,Field Annotation
record_id,form_1,,text,Record ID,,,,,,,,,,,,,
resp_countries,form_1,RESPONDANT DETAILS,dropdown,Which Member State or territory are you reporting for?,"1, Afghanistan | 2, Albania | 3, Algeria | 4, Andorra | 5, Angola | 6, Anguilla | 7, Antigua and Barbuda | 8, Argentina | 9, Armenia | 10, Australia | 11, Austria | 12, Azerbaijan | 13, Bahamas | 14, Bahrain | 15, Bangladesh | 16, Barbados | 17, Belarus | 18, Belgium | 19, Belize | 20, Benin | 21, Bhutan | 22, Bolivia (Plurinational State of) | 23, Bosnia and Herzegovina | 24, Botswana | 25, Brazil | 26, Brunei Darussalam | 27, Bulgaria | 28, Burkina Faso | 29, Burundi | 30, Cambodia | 31, Cameroon | 32, Canada | 33, Cape Verde | 34, Central African Republic | 35, Chad | 36, Chile | 37, China | 38, Colombia | 39, Comoros | 40, Cook Islands | 41, Costa Rica | 42, Croatia | 43, Cuba | 44, Cyprus | 45, Czechia | 46, Democratic People's Republic of Korea | 47, Democratic Republic of the Congo | 48, Denmark | 49, Djibouti | 50, Dominica | 51, Dominican Republic | 52, Ecuador | 53, Egypt | 54, El Salvador | 55, Equatorial Guinea | 56, Eritrea | 57, Estonia | 58, Eswatini | 59, Ethiopia | 60, Fiji | 61, Finland | 62, France | 63, Gabon | 64, Gambia | 65, Georgia | 66, Germany | 67, Ghana | 68, Greece | 69, Grenada | 70, Guatemala | 71, Guinea | 72, Guinea-Bissau | 73, Guyana | 74, Haiti | 75, Honduras | 76, Hungary | 77, Iceland | 78, India | 79, Indonesia | 80, Iran (Islamic Republic of) | 81, Iraq | 82, Ireland | 83, Israel | 84, Italy | 85, Ivory Coast | 86, Jamaica | 87, Japan | 88, Jordan | 89, Kazakhstan | 90, Kenya | 91, Kiribati | 92, Kuwait | 93, Kyrgyzstan | 94, Lao People's Democratic Republic | 95, Latvia | 96, Lebanon | 97, Lesotho | 98, Liberia | 99, Libya | 100, Lithuania | 101, Luxembourg | 102, Madagascar | 103, Malawi | 104, Malaysia | 105, Maldives | 106, Mali | 107, Malta | 108, Marshall Islands | 109, Mauritania | 110, Mauritius | 111, Mexico | 112, Micronesia (Federated States of) | 113, Monaco | 114, Mongolia | 115, Montenegro | 116, Morocco | 117, Mozambique | 118, Myanmar | 119, Namibia | 120, Nauru | 121, Nepal | 122, Netherlands | 123, New Zealand | 124, Nicaragua | 125, Niger | 126, Nigeria | 127, Niue | 128, North Macedonia | 129, Norway | 130, occupied Palestinian Territory including east Jerusalem | 131, Oman | 132, Pakistan | 133, Palau | 134, Panama | 135, Papua New Guinea | 136, Paraguay | 137, Peru | 138, Philippines | 139, Poland | 140, Portugal | 141, Qatar | 142, Republic of Korea | 143, Republic of Moldova | 144, Republic of the Congo | 145, Romania | 146, Russian Federation | 147, Rwanda | 148, Saint Kitts and Nevis | 149, Saint Lucia | 150, Saint Vincent and the Grenadines | 151, Samoa | 152, San Marino | 153, Sao Tome and Principe | 154, Saudi Arabia | 155, Senegal | 156, Serbia | 157, Seychelles | 158, Sierra Leone | 159, Singapore | 160, Slovakia | 161, Slovenia | 162, Solomon Islands | 163, Somalia | 164, South Africa | 165, South Sudan | 166, Spain | 167, Sri Lanka | 168, Sudan | 169, Sudan (former) | 170, Suriname | 171, Sweden | 172, Switzerland | 173, Syrian Arab Republic | 174, Tajikistan | 175, Tanzania | 176, Thailand | 177, The former state union Serbia and Montenegro | 178, Timor-Leste | 179, Togo | 180, Tonga | 181, Trinidad and Tobago | 182, Tunisia | 183, Turkey | 184, Turkmenistan | 185, Tuvalu | 186, Uganda | 187, Ukraine | 188, United Arab Emirates | 189, United Kingdom of Great Britain and Northern Ireland | 190, United States of America | 191, Uruguay | 192, Uzbekistan | 193, Vanuatu | 194, Venezuela (Bolivarian Republic of) | 195, Viet Nam | 196, Yemen | 197, Zambia | 198, Zimbabwe",,,,,,,y,,,,,
email,form_1,,text,Email address for respondent/contact,,,,,,,,,,,,,
last_name,form_1,,text,Last/family name of respondent/contact,,,,,,,,,,,,,
first_name,form_1,,text,First name of respondent/contact,,,,,,,,,,,,,
resp_public,form_1,,radio,Do you wish the results of the survey for your country/territory to be openly published by WHO?,"1, Yes, data may be included in report to the Executive Board.  | 0, No, data are not to be shared or published in any form.",,,,,,,y,,,,, @DEFAULT = '1'
note_1,form_1,1.1 National essential medicine lists,descriptive,"<style type=""text/css"">p, li, span, h3 {    -webkit-hyphens: none !important;    -ms-hyphens: none !important;    hyphens: none !important;    word-break: normal !important;    overflow-wrap: normal !important;  }</style><h3>Item</h3><p><strong>""We include medical oxygen in national essential medicine lists (or an equivalent e.g. pharmacopoeia).""</strong></p><h3>Details</h3><p><span style=""font-weight: normal; color: black; display: inline-block;"">The national level essential medicines list, or where this is not available, a national pharmacopoeia or formulary.</p><h3><h3>Potential sources of evidence:</h3><ul>	<li style=""margin-bottom: 8px;"">	<p><em><span style=""font-weight: normal; color: black;"">Relevant pharmacopeia (if national, preferably to be updated by provisions in the International Pharmacopeia).</span></em></p>	</li>	<li style=""margin-bottom: 8px;"">	<p><em><span style=""font-weight: normal; color: black;"">Essential medicine lists, if available.</span></em></p>	</li>	<li style=""margin-bottom: 8px;"">	<p><em><span style=""font-weight: normal; color: black;"">Priority list of medical devices includes those needed for oxygen therapy and respiratory support, if available.</span></em></p>	</li></ul>",,note,,,,,,,,,,,
atmos11_score,form_1,,dropdown,Self-assessment of national essential medicine lists,"1, 1 = Medical oxygen is not included in any essential medicine list. | 2, 2 = Medical oxygen is included within an essential medicine list, but is not considered essential, or is not aligned with international standards. | 3, 3 = Medical oxygen is included within a national essential medicine list, or equivalent.",,,,,,,y,,,,,
atmos11_docu,form_1,,radio,Do you wish to document details about this question?,"1, Yes | 0, No",,,,,,,y,,,,,
atmos11_str,form_1,,text,Current strengths and accomplishments,,Write here if you wish to document strengths and accomplishments,,,,,"[atmos11_docu] = ""1""",,,,,,
atmos11_plan,form_1,,text,Challenges and plans to address them,,Write here if you wish to document challenges and plans to address them,,,,,"[atmos11_docu] = ""1""",,,,,,
note_2,form_1,1.2 National strategic and operational health plans ,descriptive,"<style type=""text/css"">p, li, span, h3 {    -webkit-hyphens: none !important;    -ms-hyphens: none !important;    hyphens: none !important;    word-break: normal !important;    overflow-wrap: normal !important;  }</style><h3>Item</h3><p><strong>""We have included medical oxygen into national strategic and operational health plans (e.g. as a national oxygen strategy) which includes realistic costings and a financing plan.""</strong></p><h3>Details</h3><p><span style=""font-weight: normal; color: black; display: inline-block;"">This can include both incorporation into a broader strategic health planning document, or as a standalone oxygen roadmap/plan. If planning to develop a national plan, various tools are available to support. Realistic costing and financing should identify where funds are coming from, and be justified with data on oxygen need.</p><h3>Potential sources of evidence:</h3><ul>	<li style=""margin-bottom: 8px;"">	<p><em><span style=""font-weight: normal; color: black;"">A national-level document or strategy that covers the production, distribution and financing of medical oxygen, which covers the current time period (e.g. oxygen roadmap, oxygen scale-up plan, strategic health plan).</em></li></ul>",,,,,,,,,,,,,
atmos12_score,form_1,,dropdown,"Self-assessment for ""national strategic and operational health plans""","1, 1 = Medical oxygen is not currently covered by any national health strategy or plan. | 2, 2 = A strategy document exists, but it lacks core elements, such as costing or distribution planning. | 3, 3 = A fully costed national oxygen strategy for the current time period is available.",,,,,,,y,,,,,
atmos12_docu,form_1,,radio,Do you wish to document details about this question?,"1, Yes | 0, No",,,,,,,y,,,,,
atmos12_str,form_1,,text,Current strengths and accomplishments,,Write here if you wish to document strengths and accomplishments,,,,,"[atmos12_docu] = ""1""",,,,,,
atmos12_plan,form_1,,text,Challenges and plans to address them,,Write here if you wish to document challenges and plans to address them,,,,,"[atmos12_docu] = ""1""",,,,,,
note_3,form_1,1.3 Emergency and disaster preparedness and response plans,descriptive,"<style type=""text/css"">p, li, span, h3 {    -webkit-hyphens: none !important;    -ms-hyphens: none !important;    hyphens: none !important;    word-break: normal !important;    overflow-wrap: normal !important;  }</style><h3>Item</h3><p><strong>""<span style=""color:black"">We include medical oxygen in our approved national emergency and disaster preparedness and response plans and drills.</span>""</strong></p><h3>Details</h3><p><span style=""font-weight: normal; color: black; display: inline-block;"">Emergency and disaster response, in particular pandemic preparedness plans and drills, should allow for a range of scenarios, including a respiratory pandemic (such as influenza). However, oxygen need and planned response should be considered beyond respiratory pandemic scenarios.</span></p><h3>Potential sources of evidence:</h3><ul>	<li style=""margin-bottom: 8px;"">	<p><em><span style=""font-weight: normal; color: black;"">A pandemic preparedness plan which covers the current time period is in place and medical oxygen is included within this.</em></li></ul>",,,,,,,,,,,,,
atmos13_score,form_1,,dropdown,Self-assessment of emergency and disaster preparedness and response plans,"1, 1 = A pandemic preparedness plan is not in place, or if it is, medical oxygen is not included in the planning and response. | 2, 2 = A pandemic preparedness plan exists, but medical oxygen is insufficiently addressed (e.g. lack of surge planning). | 3, 3 = A pandemic preparedness plan exists, and medical oxygen is adequately considered across multiple scenarios.",,,,,,,y,,,,,
atmos13_docu,form_1,,radio,Do you wish to document details about this question?,"1, Yes | 0, No",,,,,,,y,,,,,
atmos13_str,form_1,,text,Current strengths and accomplishments,,Write here if you wish to document strengths and accomplishments,,,,,"[atmos13_docu] = ""1""",,,,,,
atmos13_plan,form_1,,text,Challenges and plans to address them,,Write here if you wish to document challenges and plans to address them,,,,,"[atmos13_docu] = ""1""",,,,,,
note_4,form_1,1.4 Coordination mechanisms,descriptive,"<style type=""text/css"">p, li, span, h3 {    -webkit-hyphens: none !important;    -ms-hyphens: none !important;    hyphens: none !important;    word-break: normal !important;    overflow-wrap: normal !important;  }</style><h3>Item</h3><p><strong>""<span style=""color:black"">We have coordination mechanisms in place across state and non-state actors to support effective partnerships, evidence use, advocacy and leveraged capabilities to increase and sustain oxygen access.</span>""</strong></p><h3>Details</h3><p><span style=""font-weight: normal; color: black; display: inline-block;"">State actors should be considered more broadly than the Ministry of Health. Non-state actors can include nongovernmental organizations, multilateral and bilateral organizations, private and industry and charities, civil society organizations and academia. Consider systems for integrating donations into the national oxygen system. Qualitative score assignment.</span></p><h3>Potential sources of evidence:</h3><ul>	<li style=""margin-bottom: 8px;"">	<p><em><span style=""font-weight: normal; color: black;"">Memoranda of understanding with partners.</span></em></p>	</li>	<li style=""margin-bottom: 8px;"">	<p><em><span style=""font-weight: normal; color: black;"">Oxygen taskforce has been convened.</span></em></p>	</li>	<li style=""margin-bottom: 8px;"">	<p><em><span style=""font-weight: normal; color: black;"">Guidance on managing medical donations; data sharing procedures.</span></em></p>	</li>	<li style=""margin-bottom: 8px;"">	<p><em><span style=""font-weight: normal; color: black;"">Prioritization based on needs assessments and local research.</span></em></p>	</li></ul>",,,,,,,,,,,,,
atmos14_score,form_1,,dropdown,Self-assessment of coordination mechanisms,"1, 1 = No clear mechanisms to support effective coordination of oxygen at a national level. | 2, 2 = Some coordination mechanisms in place, but their ability to impact oxygen access is limited (e.g. lack reach, partially active, lack leadership). | 3, 3 = Several currently active mechanisms exist to support coordination, with a person(s)/agency responsible for national oxygen coordination.",,,,,,,y,,,,,
atmos14_docu,form_1,,radio,Do you wish to document details about this question?,"1, Yes | 0, No",,,,,,,y,,,,,
atmos14_str,form_1,,text,Current strengths and accomplishments,,Write here if you wish to document strengths and accomplishments,,,,,"[atmos14_docu] = ""1""",,,,,,
atmos14_plan,form_1,,text,Challenges and plans to address them,,Write here if you wish to document challenges and plans to address them,,,,,"[atmos14_docu] = ""1""",,,,,,
note_5,form_1,1.5 National health care infrastructure policy and oxygen integration ,descriptive,"<style type=""text/css"">p, li, span, h3 {    -webkit-hyphens: none !important;    -ms-hyphens: none !important;    hyphens: none !important;    word-break: normal !important;    overflow-wrap: normal !important;  }</style><h3>Item</h3><p><strong>""We have a national policy or planning document that considers the stepwise integration of medical oxygen and other medical gas systems into the construction of health care infrastructure.""</strong></p><h3>Details</h3><p><span style=""font-weight: normal; color: black; display: inline-block;"">Health facility infrastructure should consider the inclusion of medical oxygen systems (and other gases) in planning and development. Coordination with a health infrastructure unit (or equivalent) and inclusion in their policy and planning documentation will support holistic systems with all requisite infrastructure and hardware.</p><h3>Potential sources of evidence:</h3><ul>	<li style=""margin-bottom: 8px;"">	<p><em><span style=""font-weight: normal; color: black;"">National policy, regulations and standards for health care infrastructure.</em></li></ul>",,,,,,,,,,,,,
atmos15_score,form_1,,dropdown,Self-assessment of national policy and oxygen integration,"1, 1 = Health infrastructure policy does not exist, or if it does, it makes no allowance for medical oxygen or other medical gas systems. | 2, 2 = Health infrastructure policy exists, but there are unaddressed issues of integration of medical oxygen and/or other medical gas systems. | 3, 3 = Comprehensive health infrastructure policy with integration of medical oxygen and other medical gas systems.",,,,,,,y,,,,,
atmos15_docu,form_1,,radio,Do you wish to document details about this question?,"1, Yes | 0, No",,,,,,,y,,,,,
atmos15_str,form_1,,text,Current strengths and accomplishments,,Write here if you wish to document strengths and accomplishments,,,,,"[atmos15_docu] = ""1""",,,,,,
atmos15_plan,form_1,,text,Challenges and plans to address them,,Write here if you wish to document challenges and plans to address them,,,,,"[atmos15_docu] = ""1""",,,,,,
note_6,form_1,2.1 Sufficient capacity in routine conditions,descriptive,"<style type=""text/css"">p, li, span, h3 {    -webkit-hyphens: none !important;    -ms-hyphens: none !important;    hyphens: none !important;    word-break: normal !important;    overflow-wrap: normal !important;  }</style><h3>Item</h3><p><strong>""<span style=""color:black"">We can produce or acquire sufficient medical oxygen supply to meet need during routine conditions.</span>""</strong></p><h3>Details</h3><p><span style=""font-weight: normal; color: black; display: inline-block;"">Seasonal variation in oxygen need is included under ""routine conditions"". Ideally, data should be available from a nationally representative situational analysis and resource mapping, which can demonstrate both production capacity, effective distribution and oxygen need in the prior calendar year. Where data on these indicators are not available, a score is qualitatively assigned, considering any subnational/ad hoc data, e.g. stock-outs, consumption, hospitalizations. Information should be based on oxygen meeting specifications for medical application only (e.g. liquid oxygen for non-medical use should not be counted).</p><h3>Potential sources of evidence:</h3><ul>	<li style=""margin-bottom: 8px;"">	<p><em><span style=""font-weight: normal; color: black;"">Coverage and service readiness indicators available.</em></li></ul>",,,,,,,,,,,,,
atmos21_score,form_1,,dropdown,Self-assessment of coordination mechanisms,"1, 1 = Lack of systems in place to determine if oxygen supply has been sufficient, or multiple instances of oxygen being unavailable to meet needs in the prior calendar year. | 2, 2 = Systems in place to track and report medical oxygen production, distribution and need, but supply has inconsistently met need over the prior calendar year. | 3, 3 = Systems are in place to track and report  medical oxygen production, distribution and need, and that supply has met need over the prior calendar year.",,,,,,,y,,,,,
atmos21_docu,form_1,,radio,Do you wish to document details about this question?,"1, Yes | 0, No",,,,,,,y,,,,,
atmos21_str,form_1,,text,Current strengths and accomplishments,,Write here if you wish to document strengths and accomplishments,,,,,"[atmos21_docu] = ""1""",,,,,,
atmos21_plan,form_1,,text,Challenges and plans to address them,,Write here if you wish to document challenges and plans to address them,,,,,"[atmos21_docu] = ""1""",,,,,,
note_7,form_1,2.2 Capacity for surge demand,descriptive,"<style type=""text/css"">p, li, span, h3 {    -webkit-hyphens: none !important;    -ms-hyphens: none !important;    hyphens: none !important;    word-break: normal !important;    overflow-wrap: normal !important;  }</style><h3>Item</h3><p><strong>""<span style=""color:black"">We can promptly increase medical oxygen supply to meet surges in demand in national- and subnational-level demands (e.g. outbreaks and disasters</span>).""</strong></p><h3>Details</h3><p><span style=""font-weight: normal; color: black; display: inline-block;"">Major surges are context and temporally dependent and definitions vary by context and scenario. Example scenarios include multiple overlapping seasonal viruses exceeding routine forecasts; a respiratory pandemic; a major trauma incident with increased critical care/surgery; natural disaster with damaged infrastructure. Qualitative score assignment, supported by guidelines and policy documents. </span></p><h3>Potential sources of evidence:</h3><ul>	<li style=""margin-bottom: 8px;"">	<p><em><span style=""font-weight: normal; color: black;"">Policies, plans and guidelines to consider include pandemic preparedness and response.</span></em></p>	</li>	<li style=""margin-bottom: 8px;"">	<p><em><span style=""font-weight: normal; color: black;"">Disaster response planning.</span></em></p>	</li>	<li style=""margin-bottom: 8px;"">	<p><em><span style=""font-weight: normal; color: black;"">Legal frameworks that allow for temporary conversion of industrial to medical oxygen.</span></em></p>	</li>	<li style=""margin-bottom: 8px;"">	<p><em><span style=""font-weight: normal; color: black;"">Mechanisms for emergency release of government funds.</span></em></p>	</li></ul>",,,,,,,,,,,,,
atmos22_score,form_1,,dropdown,Self-assessment of capacity for surge demand,"1, 1 = Guidelines and policies to support surge capacity are not available or multiple instances of oxygen being unavailable to meet needs in the prior calendar year.| 2, 2 = Medical oxygen is included in plans and guidelines, but for limited scenarios or with insufficient coverage for surge capacity, or supply has inconsistently met need over the prior calendar year. | 3, 3 = Medical oxygen is included in plans and guidelines for various different scenarios that would require surge capacity, and supply has met need over the prior calendar year.",,,,,,,y,,,,,
atmos22_docu,form_1,,radio,Do you wish to document details about this question?,"1, Yes | 0, No",,,,,,,y,,,,,
atmos22_str,form_1,,text,Current strengths and accomplishments,,Write here if you wish to document strengths and accomplishments,,,,,"[atmos22_docu] = ""1""",,,,,,
atmos22_plan,form_1,,text,Challenges and plans to address them,,Write here if you wish to document challenges and plans to address them,,,,,"[atmos22_docu] = ""1""",,,,,,
note_8,form_1,2.3 Quantification of need,descriptive,"<style type=""text/css"">p, li, span, h3 {    -webkit-hyphens: none !important;    -ms-hyphens: none !important;    hyphens: none !important;    word-break: normal !important;    overflow-wrap: normal !important;  }</style><h3>Item</h3><p><strong>""<span style=""color:black"">We have an up-to-date quantification of national medical oxygen need and this is linked to production and procurement.</span>""</strong></p><h3>Details</h3><p><span style=""font-weight: normal; color: black; display: inline-block;"">This currently focuses on a national-level approach to forecasting medical oxygen need, but subnational variation should be considered when building this capacity. A system for quantifying oxygen need, allowing for changes in production capacity and seasonal variation, should be available. The score is qualitatively assigned, considering performance of forecasting and subnational application.</p><h3>Potential sources of evidence:</h3><ul>	<li style=""margin-bottom: 8px;"">	<p><em><span style=""font-weight: normal; color: black;"">When assessing the need-gap, it should be done holistically (i.e. consider all related medical devices required for medical oxygen therapy, including those for diagnosis and treatment of hypoxaemia and all medical oxygen system requirements for production, storage and distribution of medical oxygen). It should also consider the functional status of all equipment.</span></em></p>	</li>	<li style=""margin-bottom: 8px;"">	<p><em><span style=""font-weight: normal; color: black;"">Coverage and service readiness indicators available.</span></em></p></li></ul>",,,,,,,,,,,,,
atmos23_score,form_1,,dropdown,Self-assessment of quantification of need,"1, 1 = Quantification of medical oxygen need is not conducted. | 2, 2 = Quantification of medical oxygen need is conducted, but is out of date or does not link to production and procurement capacity. | 3, 3 = Quantification of medical oxygen need is up to date, and includes subnational variation.",,,,,,,y,,,,,
atmos23_docu,form_1,,radio,Do you wish to document details about this question?,"1, Yes | 0, No",,,,,,,y,,,,,
atmos23_str,form_1,,text,Current strengths and accomplishments,,Write here if you wish to document strengths and accomplishments,,,,,"[atmos23_docu] = ""1""",,,,,,
atmos23_plan,form_1,,text,Challenges and plans to address them,,Write here if you wish to document challenges and plans to address them,,,,,"[atmos23_docu] = ""1""",,,,,,
note_9,form_1,2.4 Guidance and contracts,descriptive,"<style type=""text/css"">p, li, span, h3 {    -webkit-hyphens: none !important;    -ms-hyphens: none !important;    hyphens: none !important;    word-break: normal !important;    overflow-wrap: normal !important;  }</style><h3><span style=""font-family:Arial,Helvetica,sans-serif;"">Item</span></h3><p><span style=""font-family:Arial,Helvetica,sans-serif;""><strong>""<span style=""color:black"">We have guidance documents and contracts to connect production (e.g. gas companies, distributors) and end-user organizations (e.g. hospitals, district health boards) at national and subnational levels.</span>""</strong></span></p><h3><span style=""font-family:Arial,Helvetica,sans-serif;"">Details</span></h3><p><span style=""font-weight: normal; color: black; display: inline-block;"">Beyond contracts there should also be legal mechanisms that ensure the obligations of contracts are met. Guidelines for negotiating contracts exist at the national level, and all levels of the health system are covered by this. Evidence of service-level agreements can be used where available, and should consider maintenance, training and distribution models.</span></span></p><h3><span style=""font-family:Arial,Helvetica,sans-serif;"">Potential sources of evidence:</h3><ul>	<li style=""margin-bottom: 8px;"">	<p><em><span style=""font-weight: normal; color: black;"">Sustainable procurement guidelines.</span></em></p>	</li>	<li style=""margin-bottom: 8px;"">	<p><em><span style=""font-weight: normal; color: black;"">Service-level agreements with inclusion of spare parts and continuous training.</span></em></p>	</li>	<li style=""margin-bottom: 8px;"">	<p><em><span style=""font-weight: normal; color: black;"">Mechanisms for the beneficiary facilities to access the contracts, the legal support and the supplier's assistance when applicable.</span></em></p>	</li>	<li style=""margin-bottom: 8px;"">	<p><em><span style=""font-weight: normal; color: black;"">Service readiness indicator available.</span></em></p>	</li>	<li style=""margin-bottom: 8px;"">	<p><em><span style=""font-weight: normal; color: black;"">Availability of and access to local, regional or international specialized services for maintenance of existing medical oxygen systems.</span></em></p></li></ul>",,,,,,,,,,,,,
atmos24_score,form_1,,dropdown,Self-assessment of guidance and contracts,"1, 1 = Guidelines for negotiating contracts do not exist at the national level. | 2, 2 = Guidelines for negotiating contracts exist, but they do not consider different health system level needs. | 3, 3 = Guidelines for negotiating contracts exist at the national level, and all levels of the health system are covered by this.",,,,,,,y,,,,,
atmos24_docu,form_1,,radio,Do you wish to document details about this question?,"1, Yes | 0, No",,,,,,,y,,,,,
atmos24_str,form_1,,text,Current strengths and accomplishments,,Write here if you wish to document strengths and accomplishments,,,,,"[atmos24_docu] = ""1""",,,,,,
atmos24_plan,form_1,,text,Challenges and plans to address them,,Write here if you wish to document challenges and plans to address them,,,,,"[atmos24_docu] = ""1""",,,,,,
note_10,form_1,2.5 Regulatory processes,descriptive,"<style type=""text/css"">p, li, span, h3 {    -webkit-hyphens: none !important;    -ms-hyphens: none !important;    hyphens: none !important;    word-break: normal !important;    overflow-wrap: normal !important;  }</style><h3><span style=""font-family:Arial,Helvetica,sans-serif;"">Item</span></h3><p><span style=""font-family:Arial,Helvetica,sans-serif;""><strong>""<span style=""color:black"">We have regulatory processes for ensuring medical oxygen, respiratory care medical devices and associated equipment meet quality and safety standards and accountability mechanisms for those responsible for supply.</span>""</strong></span></p><h3><span style=""font-family:Arial,Helvetica,sans-serif;"">Details</span></h3><p><span style=""font-weight: normal; color: black; display: inline-block;"">This includes both commercial medical oxygen, industrial oxygen and donations of medical oxygen and of equipment. Regulatory instruments and standards can be demonstrated at relevant national agencies (e.g. drug and medical device authorities) in the first instance. Evidence that they are functional and being implemented in the next local level. Facility-level processes should also be considered when assigning the score qualitatively.</span></p><h3><span style=""font-family:Arial,Helvetica,sans-serif;"">Potential sources of evidence:</h3><ul>	<li style=""margin-bottom: 8px;"">	<p><em><span style=""font-weight: normal; color: black;"">Established good manufacturing practices for medical oxygen.</span></em></p>	</li>	<li style=""margin-bottom: 8px;"">	<p><em><span style=""font-weight: normal; color: black;"">National and local regulations, policies and technical specifications for medicines and medical devices manufacturing, distribution and use.</span></em></p>	</li>	<li style=""margin-bottom: 8px;"">	<p><em><span style=""font-weight: normal; color: black;"">Mechanism for reporting adverse events or medical incidents (e.g. toxicity related to medical oxygen).</span></em></p>	</li>	<li style=""margin-bottom: 8px;"">	<p><em><span style=""font-weight: normal; color: black;"">Service readiness indicator.</em></span></li></ul>",,,,,,,,,,,,,
atmos25_score,form_1,,dropdown,Self-assessment of regulatory processes,"1, 1 = Regulatory standards for medical oxygen, respiratory care medical devices and associated equipment are not present. | 2, 2 = Regulatory instruments and standards for medical oxygen, respiratory care medical devices and associated equipment exist, but they are insufficient or lack oversight. | 3, 3 = Regulatory instruments and standards for medical oxygen, respiratory care medical devices and associated equipment exist and there is active oversight in the supply chain.",,,,,,,y,,,,,
atmos25_docu,form_1,,radio,Do you wish to document details about this question?,"1, Yes | 0, No",,,,,,,y,,,,,
atmos25_str,form_1,,text,Current strengths and accomplishments,,Write here if you wish to document strengths and accomplishments,,,,,"[atmos25_docu] = ""1""",,,,,,
atmos25_plan,form_1,,text,Challenges and plans to address them,,Write here if you wish to document challenges and plans to address them,,,,,"[atmos25_docu] = ""1""",,,,,,
note_11,form_1,2.6 Safe distribution,descriptive,"<style type=""text/css"">p, li, span, h3 {    -webkit-hyphens: none !important;    -ms-hyphens: none !important;    hyphens: none !important;    word-break: normal !important;    overflow-wrap: normal !important;  }</style><h3><span style=""font-family:Arial,Helvetica,sans-serif;"">Item</span></h3><p><span style=""font-family:Arial,Helvetica,sans-serif;""><strong>""<span style=""color:black"">We have mechanisms for safe distribution of medical oxygen that cover all facilities, to ensure minimal gaps in availability at the point of care for all patients in need of medical oxygen.</span>""</strong></span></p><h3><span style=""font-family:Arial,Helvetica,sans-serif;"">Details</span></h3><p><span style=""font-weight: normal; color: black; display: inline-block;"">This includes plans for transport and storage at facilities and should include both logistics and safety considerations. When assessing distribution, it should include remote and less accessible geographical areas in all seasons of the year.</span></span></p><h3><span style=""font-family:Arial,Helvetica,sans-serif;"">Potential sources of evidence:</h3><ul>	<li style=""margin-bottom: 8px;"">	<p><em><span style=""font-weight: normal; color: black;"">Established good distribution practices for medical oxygen.</span></em></p>	</li>	<li style=""margin-bottom: 8px;"">	<p><em><span style=""font-weight: normal; color: black;"">Occupational and environmental health standards covering medical oxygen distribution.</span></em></p>	</li>	<li style=""margin-bottom: 8px;"">	<p><em><span style=""font-weight: normal; color: black;"">Data from sources such as incidence reports and stock-outs of medical oxygen to healthcare facilities at all levels, including both rural and urban.</span></em></p>	</li>	<li style=""margin-bottom: 8px;"">	<p><em><span style=""font-weight: normal; color: black;"">Service readiness indicator available.</em></span></li></ul>",,,,,,,,,,,,,
atmos26_score,form_1,,dropdown,Self-assessment of safe distribution,"1, 1 = Medical oxygen distribution mechanisms are not established, or are not covered by environmental and occupational safety standards. | 2, 2 = Occupational and environmental health cover medical oxygen distribution, but there are gaps in distribution systems. | 3, 3 = Occupational and environmental health cover medical oxygen distribution and distribution systems cover all facilities.",,,,,,,y,,,,,
atmos26_docu,form_1,,radio,Do you wish to document details about this question?,"1, Yes | 0, No",,,,,,,y,,,,,
atmos26_str,form_1,,text,Current strengths and accomplishments,,Write here if you wish to document strengths and accomplishments,,,,,"[atmos26_docu] = ""1""",,,,,,
atmos26_plan,form_1,,text,Challenges and plans to address them,,Write here if you wish to document challenges and plans to address them,,,,,"[atmos26_docu] = ""1""",,,,,,
note_12,form_1,3.1 Budget allocations,descriptive,"<style type=""text/css"">p, li, span, h3 {    -webkit-hyphens: none !important;    -ms-hyphens: none !important;    hyphens: none !important;    word-break: normal !important;    overflow-wrap: normal !important;  }</style><h3>Item</h3><p><strong>""<span style=""color:black"">We have budget allocations for the key priorities within national medical oxygen plans and are able to access and release funds in a timely way.</span>""</strong></p><h3>Details</h3><p><span style=""font-weight: normal; color: black; display: inline-block;"">Key considerations are how different funding sources are being used, what areas are being prioritized, differentiating between capital and recurrent costs across production, distribution and delivery, and whether there are accountability mechanisms. National, subnational, district or facility budget documents (depending on the way oxygen is procured) should be the basis of the scoring, with both the amount allocated to oxygen systems and the amount spent in the last full budget year considered.</span></p><h3>Potential sources of evidence:</h3><ul>	<li style=""margin-bottom: 8px;"">	<p><em><span style=""font-weight: normal; color: black;"">National health budget.</em></li></ul>",,,,,,,,,,,,,
atmos31_score,form_1,,dropdown,Self-assessment of budget allocations,"1, 1 = Medical oxygen systems were not included in the annual health budget, or funds allocated for oxygen were not realized. | 2, 2 = Medical oxygen systems were only partially included in the annual health budget (i.e. key components of the oxygen plan were missing), and funds were not fully realized. | 3, 3 = Medical oxygen systems were fully covered in the annual health budget, and funds were largely realized.",,,,,,,y,,,,,
atmos31_docu,form_1,,radio,Do you wish to document details about this question?,"1, Yes | 0, No",,,,,,,y,,,,,
atmos31_str,form_1,,text,Current strengths and accomplishments,,Write here if you wish to document strengths and accomplishments,,,,,"[atmos31_docu] = ""1""",,,,,,
atmos31_plan,form_1,,text,Challenges and plans to address them,,Write here if you wish to document challenges and plans to address them,,,,,"[atmos31_docu] = ""1""",,,,,,
note_13,form_1,3.2 Procurement and tendering processes,descriptive,"<style type=""text/css"">p, li, span, h3 {    -webkit-hyphens: none !important;    -ms-hyphens: none !important;    hyphens: none !important;    word-break: normal !important;    overflow-wrap: normal !important;  }</style><h3>Item</h3><p><strong>""<span style=""color:black"">Our procurement and tendering processes for medical oxygen supplies, services and devices are transparent and reflect a competitive market price.</span>""</strong></p><h3>Details</h3><p><span style=""font-weight: normal; color: black; display: inline-block;"">National-level guidance on public tenders should be available. This should consider both the processes used for tendering oxygen services, and how they are applied to ensure a transparent and competitive market. Other evidence that should be qualitatively discussed are presence of freedom of information laws for government contracts; price transparency from medical oxygen companies; presence and application of laws that prevent monopolies.</span></p><h3>Potential sources of evidence:</h3><ul>	<li style=""margin-bottom: 8px;"">	<p><em><span style=""font-weight: normal; color: black;"">Mechanisms to track suppliers' quality performance and fulfilment of contracts.</span></em></p>	</li>	<li style=""margin-bottom: 8px;"">	<p><em><span style=""font-weight: normal; color: black;"">Sustainable procurement policies.</span></em></p>	</li>	<li style=""margin-bottom: 8px;"">	<p><em><span style=""font-weight: normal; color: black;"">Use of technical specifications which allow for transparent competition and local manufacturing.</span></em></li></ul>",,,,,,,,,,,,,
atmos32_score,form_1,,dropdown,Self-assessment of procurement and tendering processes,"1, 1 = National policies on public tenders do not exist or are inadequate. | 2, 2 = National policies on public tenders exist, but supportive mechanisms to ensure a competitive market are not available or functional. | 3, 3 = National policies on public tenders exist, and mechanisms to ensure they are applied in a transparent and competitive way are functional.",,,,,,,y,,,,,
atmos32_docu,form_1,,radio,Do you wish to document details about this question?,"1, Yes | 0, No",,,,,,,y,,,,,
atmos32_str,form_1,,text,Current strengths and accomplishments,,Write here if you wish to document strengths and accomplishments,,,,,"[atmos32_docu] = ""1""",,,,,,
atmos32_plan,form_1,,text,Challenges and plans to address them,,Write here if you wish to document challenges and plans to address them,,,,,"[atmos32_docu] = ""1""",,,,,,
note_14,form_1,3.3 Affordability to providers,descriptive,"<style type=""text/css"">p, li, span, h3 {    -webkit-hyphens: none !important;    -ms-hyphens: none !important;    hyphens: none !important;    word-break: normal !important;    overflow-wrap: normal !important;  }</style><h3>Item</h3><p><strong>""We have mechanisms in place that ensure the provision of medical oxygen services at the point of care is affordable to providers and uses appropriate technologies (devices, spare parts, consumables, servicing).""</strong></p><h3>Details</h3><p><span style=""font-weight: normal; color: black; display: inline-block;"">This focuses on how affordable it is for healthcare providers to access an appropriate mix of oxygen technologies for patient care. Qualitative score assignment, considering the presence of a national formulary for medical devices and drugs, which has an appropriate equipment mix and variations in price points for different use cases. The use of health technology assessments is considered.</p><h3>Potential sources of evidence:</h3><ul>	<li style=""margin-bottom: 8px;"">	<p><em><span style=""font-weight: normal; color: black;"">Medical devices that are affordable, appropriate, accessible, safe and effective as part of efforts to achieve universal health coverage.</span></em></p>	</li>	<li style=""margin-bottom: 8px;"">	<p><em><span style=""font-weight: normal; color: black;"">Coverage and quality of care indicators available.</em></li></ul>",,,,,,,,,,,,,
atmos33_score,form_1,,dropdown,Self-assessment of affordability to providers,"1, 1 = National formulary does not exist for either drugs or medical devices. | 2, 2 = National formulary exists for either drugs or medical devices, but not for both. | 3, 3 = National formulary exists for both drugs and medical devices.",,,,,,,y,,,,,
atmos33_docu,form_1,,radio,Do you wish to document details about this question?,"1, Yes | 0, No",,,,,,,y,,,,,
atmos33_str,form_1,,text,Current strengths and accomplishments,,Write here if you wish to document strengths and accomplishments,,,,,"[atmos33_docu] = ""1""",,,,,,
atmos33_plan,form_1,,text,Challenges and plans to address them,,Write here if you wish to document challenges and plans to address them,,,,,"[atmos33_docu] = ""1""",,,,,,
note_15,form_1,3.4 Mechanisms for affordability,descriptive,"<style type=""text/css"">p, li, span, h3 {    -webkit-hyphens: none !important;    -ms-hyphens: none !important;    hyphens: none !important;    word-break: normal !important;    overflow-wrap: normal !important;  }</style><h3>Item</h3><p><strong>""We have mechanisms in place that ensure oxygen is affordable to all patients who need it (e.g. insurance, financial assistance, subsidies).""</strong></p><h3>Details</h3><p><span style=""font-weight: normal; color: black; display: inline-block;"">This is patient centred and should consider universal health coverage policies and financial protections. Evidence of policies that include universal health coverage and financial protections (including insurance) should be qualitatively discussed. Where available, data on out-of-pocket and catastrophic health expenditure should be considered. <span style=""line-height:107%""><span style=""line-height:107%"">Affordability throughout the course of treatment, including for home oxygen therapy, should be considered when applicable.</span></span></p><h3>Potential sources of evidence:</h3><ul>	<li style=""margin-bottom: 8px;"">	<p><em><span style=""font-weight: normal; color: black;"">Evidence of insurance, financial assistance or subsidy schemes.</em></p>",,,,,,,,,,,,,
atmos34_score,form_1,,dropdown,Self-assessment of mechanisms for affordability,"1, 1 = Oxygen services are not covered by national insurance or financial protection policies, and can result in catastrophic health expenditure. | 2, 2 = Oxygen services can incur out-of-pocket costs to patients, which are only partially covered or only for parts of the population. | 3, 3 = National health system is free at the point of care, or comprehensive financial protections are in place and include oxygen services.",,,,,,,y,,,,,
atmos34_docu,form_1,,radio,Do you wish to document details about this question?,"1, Yes | 0, No",,,,,,,y,,,,,
atmos34_str,form_1,,text,Current strengths and accomplishments,,Write here if you wish to document strengths and accomplishments,,,,,"[atmos34_docu] = ""1""",,,,,,
atmos34_plan,form_1,,text,Challenges and plans to address them,,Write here if you wish to document challenges and plans to address them,,,,,"[atmos34_docu] = ""1""",,,,,,
note_16,form_1,4.1 Trained healthcare workers,descriptive,"<style type=""text/css"">p, li, span, h3 {    -webkit-hyphens: none !important;    -ms-hyphens: none !important;    hyphens: none !important;    word-break: normal !important;    overflow-wrap: normal !important;  }</style><h3>Item</h3><p><strong>""<span style=""color:black"">We have sufficient trained and equipped healthcare workers to provide medical oxygen services safely and effectively to patients.</span>""</strong></p><h3>Details</h3><p><span style=""font-weight: normal; color: black; display: inline-block;"">Sufficient refers to the existing WHO standard for health workforce of five health care workers per 1000 population (which is a general standard not specific to oxygen), and should further consider how these health workers are distributed in the health system to ensure oxygen access. While this focuses on a national level, addressing subnational variation needs to be considered.</span></p><h3>Potential sources of evidence:</h3><ul>	<li style=""margin-bottom: 8px;"">	<p><em><span style=""font-weight: normal; color: black;"">Evidence of the number of currently working healthcare workers at a national level.</span></em></p>	</li>	<li style=""margin-bottom: 8px;"">	<p><em><span style=""font-weight: normal; color: black;"">Oxygen and pulse oximetry is included as a core competency in the curriculum for organizations which confer clinical degrees and qualifications.</span></em></p>	</li>	<li style=""margin-bottom: 8px;"">	<p><em><span style=""font-weight: normal; color: black;"">Coverage, quality-of-care and service readiness indicators available.</em></li></ul>",,,,,,,,,,,,,
atmos41_score,form_1,,dropdown,Self-assessment of training of healthcare workers,"1, 1 = Below five health care workers per 1000 AND training in oxygen and oximetry are not routinely, or ever, conducted, or data on healthcare worker density are not available. | 2, 2 = Below five health care workers per 1000 population OR training in oxygen and oximetry are not routinely conducted. | 3, 3 = A minimum of five health care workers per 1000 population, and these are distributed effectively at subnational and health system levels, with training on oxygen and pulse oximetry.",,,,,,,y,,,,,
atmos41_docu,form_1,,radio,Do you wish to document details about this question?,"1, Yes | 0, No",,,,,,,y,,,,,
atmos41_str,form_1,,text,Current strengths and accomplishments,,Write here if you wish to document strengths and accomplishments,,,,,"[atmos41_docu] = ""1""",,,,,,
atmos41_plan,form_1,,text,Challenges and plans to address them,,Write here if you wish to document challenges and plans to address them,,,,,"[atmos41_docu] = ""1""",,,,,,
note_17,form_1,4.2 Trained engineers and technicians,descriptive,"<style type=""text/css"">p, li, span, h3 {    -webkit-hyphens: none !important;    -ms-hyphens: none !important;    hyphens: none !important;    word-break: normal !important;    overflow-wrap: normal !important;  }</style><h3>Item</h3><p><strong>""<span style=""color:black"">We have sufficient competent biomedical engineers/technicians, with access to appropriate equipment and supplies, to manage medical oxygen technology safely and effectively.</span>""</strong></p><h3>Details</h3><p><span style=""font-weight: normal; color: black; display: inline-block;"">Sufficient biomedical engineers does not currently have a WHO standard; national-level requirements, addressing subnational variation, need to be considered, as well as systems for different levels of the health system and oxygen technology types. The presence of a capacity-building strategy should also be considered.</span></p><h3>Potential sources of evidence:</h3><ul>	<li style=""margin-bottom: 8px;"">	<p><em><span style=""font-weight: normal; color: black;"">Evidence on the number of trained and currently working biomedical engineers and technicians at a national level.</span></em></p>	</li>	<li style=""margin-bottom: 8px;"">	<p><em><span style=""font-weight: normal; color: black;"">Facility-level coverage can also be used to evidence sufficient coverage.</span></em></li></ul>",,,,,,,,,,,,,
atmos42_score,form_1,,dropdown,Self-assessment of competent engineers and technicians,"1, 1 = Data on biomedical engineer density are not available AND there is considerable subnational variation and inadequate coverage in biomedical engineer workforce. No strategic plan for increasing workforce capacity. | 2, 2 = Data are available on biomedical engineers nationally but there remains considerable subnational variation and inadequate coverage in the biomedical engineer workforce. Presence of a strategic plan for increasing workforce capacity. | 3, 3 = Data are available on biomedical engineers nationally and subnationally, and these are distributed effectively at subnational and health system level. A strategic plan for increasing workforce capacity exists.",,,,,,,y,,,,,
atmos42_docu,form_1,,radio,Do you wish to document details about this question?,"1, Yes | 0, No",,,,,,,y,,,,,
atmos42_str,form_1,,text,Current strengths and accomplishments,,Write here if you wish to document strengths and accomplishments,,,,,"[atmos42_docu] = ""1""",,,,,,
atmos42_plan,form_1,,text,Challenges and plans to address them,,Write here if you wish to document challenges and plans to address them,,,,,"[atmos42_docu] = ""1""",,,,,,
note_18,form_1,4.3 Monitoring and evaluation,descriptive,"<style type=""text/css"">p, li, span, h3 {    -webkit-hyphens: none !important;    -ms-hyphens: none !important;    hyphens: none !important;    word-break: normal !important;    overflow-wrap: normal !important;  }</style><h3>Item</h3><p><strong>""We have indicators for monitoring and evaluating medical oxygen systems, including financing, supply, need, patient access and quality of care (safety and appropriateness) at national, subnational and health facility levels.""</strong></p><h3>Details</h3><p><span style=""font-weight: normal; color: black; display: inline-block;"">This item considers both the systems for monitoring oxygen systems, but also the evaluation of oxygen systems based on monitoring data. Evidence of a monitoring and evaluation framework, which includes all dimensions of medical oxygen systems and covers the current time period, should be available. The quality of data, extent to which data have been adopted (e.g. indicators included within health management information systems) and application of this for evaluation (e.g. annual reports) should be qualitatively discussed.</p><h3>Potential sources of evidence:</h3><ul>	<li style=""margin-bottom: 8px;"">	<p><em><span style=""font-weight: normal; color: black;"">Monitoring and evaluation framework.</span></em></p>	</li>	<li style=""margin-bottom: 8px;"">	<p><em><span style=""font-weight: normal; color: black;"">Quality management systems applied along the supply chain of medical oxygen.</em></li></ul>",,,,,,,,,,,,,
atmos43_score,form_1,,dropdown,Self-assessment of monitoring and evaluation,"1, 1 = Medical oxygen systems are not currently included in a national health monitoring and evaluation framework. | 2, 2 = Monitoring and evaluation framework exists, but it does not cover all elements of the medical oxygen system, or has not been translated into implementation. | 3, 3 = Monitoring and evaluation framework exists which covers all aspects of the medical oxygen system, and which has been adopted into routine data systems and is used in annual evaluation reports.",,,,,,,y,,,,,
atmos43_docu,form_1,,radio,Do you wish to document details about this question?,"1, Yes | 0, No",,,,,,,y,,,,,
atmos43_str,form_1,,text,Current strengths and accomplishments,,Write here if you wish to document strengths and accomplishments,,,,,"[atmos43_docu] = ""1""",,,,,,
atmos43_plan,form_1,,text,Challenges and plans to address them,,Write here if you wish to document challenges and plans to address them,,,,,"[atmos43_docu] = ""1""",,,,,,
note_19,form_1,4.4 Public health information,descriptive,"<style type=""text/css"">p, li, span, h3 {    -webkit-hyphens: none !important;    -ms-hyphens: none !important;    hyphens: none !important;    word-break: normal !important;    overflow-wrap: normal !important;  }</style><h3>Item</h3><p><strong>""We have reliable public health information being communicated to the population about medical oxygen services available.""</strong></p><h3>Details</h3><p><span style=""font-weight: normal; color: black; display: inline-block;"">The types of materials and their purpose will be context dependent and should respond to local needs - it is important to consider what is relevant in your context. Examples could include information targeted at the general population to promote uptake of referrals for oxygen treatment; information for health care workers to support effective patient communication; tackling misinformation. Evidence of public health materials that have been checked/updated within the prior 12 months should be provided and scored through qualitative discussion considering their relevance to context and timeliness.</p><h3>Potential sources of evidence:</h3><ul>	<li style=""margin-bottom: 8px;"">	<p><em><span style=""font-weight: normal; color: black;"">Web page with information.</span></em></p>	</li>	<li style=""margin-bottom: 8px;"">	<p><em><span style=""font-weight: normal; color: black;"">Awareness campaigns.</span></em></p>	</li>	<li style=""margin-bottom: 8px;"">	<p><em><span style=""font-weight: normal; color: black;"">Posters and materials for health care workers.</em></li></ul>",,,,,,,,,,,,,
atmos44_score,form_1,,dropdown,Self-assessment of public health information,"1, 1 = Public health materials on medical oxygen are not available through the Ministry of Health or public health agency. | 2, 2 = Public health materials are available, but are out of date, not tailored to the specific needs of the country, or are inaccessible to part of the population. | 3, 3 = Up-to-date public health materials available (in multiple languages where appropriate) and tailored to the different needs of communities, patients and providers.",,,,,,,y,,,,,
atmos44_docu,form_1,,radio,Do you wish to document details about this question?,"1, Yes | 0, No",,,,,,,y,,,,,
atmos44_str,form_1,,text,Current strengths and accomplishments,,Write here if you wish to document strengths and accomplishments,,,,,"[atmos44_docu] = ""1""",,,,,,
atmos44_plan,form_1,,text,Challenges and plans to address them,,Write here if you wish to document challenges and plans to address them,,,,,"[atmos44_docu] = ""1""",,,,,,
note_20,form_1, 4.5 Appropriate use,descriptive,"<style type=""text/css"">p, li, span, h3 {    -webkit-hyphens: none !important;    -ms-hyphens: none !important;    hyphens: none !important;    word-break: normal !important;    overflow-wrap: normal !important;  }</style><h3>Item</h3><p><strong>""We have systems in place to ensure appropriate use of oxygen among those who need it.""</strong></p><h3>Details</h3><p><span style=""font-weight: normal; color: black; display: inline-block;"">Systems refer to guidelines that guide clinical care, and accountability mechanisms that ensure quality of care (including safe use of medical oxygen). Appropriate use of medical oxygen refers to both the safe delivery of medical oxygen to the patient, and the diagnosis and monitoring of patients using pulse oximetry. Where possible, the score should be data driven. Without data, evidence of systems should be used and discussed qualitatively.</span></p><h3>Potential sources of evidence:</h3><ul>	<li style=""margin-bottom: 8px;"">	<p><em><span style=""font-weight: normal; color: black;"">National clinical guidelines for medical oxygen use (adapted to different cadres and health system levels).</span></em></p>	</li>	<li style=""margin-bottom: 8px;"">	<p><em><span style=""font-weight: normal; color: black;"">Standard operating procedures for use and maintenance of medical equipment and other devices.</span></em></p>	</li>	<li style=""margin-bottom: 8px;"">	<p><em><span style=""font-weight: normal; color: black;"">Facility audits for oxygen production and distribution equipment; up-to-date inventory of functional equipment.</span></em></p>	</li>	<li style=""margin-bottom: 8px;"">	<p><em><span style=""font-weight: normal; color: black;"">Patient surveys.</span></em></p>	</li>	<li style=""margin-bottom: 8px;"">	<p><em><span style=""font-weight: normal; color: black;"">Adverse event data for patients (e.g. neonatal retinopathy).</span></em></p>	</li>	<li style=""margin-bottom: 8px;"">	<p><em><span style=""font-weight: normal; color: black;"">Adverse event data for systems or equipment.</em></li></ul>",,,,,,,,,,,,,
atmos45_score,form_1,,dropdown,Self-assessment of appropriate use,"1, 1 = No formal systems or data available to demonstrate appropriate use of oxygen. | 2, 2 = Guidelines exist for the clinical use of medical oxygen, but systems/data for ensuring they are safely and effectively used are lacking. | 3, 3 = Guidelines exist for clinical use of medical oxygen, and systems for ensuring these are applied safely and effectively are in place.",,,,,,,y,,,,,
atmos45_docu,form_1,,radio,Do you wish to document details about this question?,"1, Yes | 0, No",,,,,,,y,,,,,
atmos45_str,form_1,,text,Current strengths and accomplishments,,Write here if you wish to document strengths and accomplishments,,,,,"[atmos45_docu] = ""1""",,,,,,
atmos45_plan,form_1,,text,Challenges and plans to address them,,Write here if you wish to document challenges and plans to address them,,,,,"[atmos45_docu] = ""1""",,,,,,
note_21,form_1,4.6 Research and innovation,descriptive,"<style type=""text/css"">p, li, span, h3 {    -webkit-hyphens: none !important;    -ms-hyphens: none !important;    hyphens: none !important;    word-break: normal !important;    overflow-wrap: normal !important;  }</style><h3>Item</h3><p><strong>""We promote research and innovation, including translational research, to improve access, quality and safety of affordable medical oxygen and related respiratory care devices and diagnostics.""</strong></p><h3>Details</h3><p><span style=""font-weight: normal; color: black; display: inline-block;"">Research forms the basis for evidence-informed policy and health care. Innovation provides new and improved solutions to deliver these policies and care. Both can be accelerated by national research agendas, active coordination and translational collaboration.</span></p><h3>Potential sources of evidence:</h3><ul>	<li style=""margin-bottom: 8px;"">	<p><em><span style=""font-weight: normal; color: black;"">National research agenda.</span></em></p>	</li>	<li style=""margin-bottom: 8px;"">	<p><em><span style=""font-weight: normal; color: black;"">Initiatives at local higher education institutes.</em></p>	</li></ul>",,,,,,,,,,,,,
atmos46_score,form_1,,dropdown,Self-assessment of coordination mechanisms,"1, 1 = Minimal or no oxygen research is undertaken, and oxygen is not included in relevant research agendas. | 2, 2 = Some oxygen research is undertaken, but there is limited engagement of researchers/innovators, or a lack of research prioritization. | 3, 3 = Oxygen is included in relevant research agendas, with active engagement of researchers/innovators.",,,,,,,y,,,,,
atmos46_docu,form_1,,radio,Do you wish to document details about this question?,"1, Yes | 0, No",,,,,,,y,,,,,
atmos46_str,form_1,,text,Current strengths and accomplishments,,Write here if you wish to document strengths and accomplishments,,,,,"[atmos46_docu] = ""1""",,,,,,
atmos46_plan,form_1,,text,Challenges and plans to address them,,Write here if you wish to document challenges and plans to address them,,,,,"[atmos46_docu] = ""1""",,,,,,
atmos_score,form_1,OVERALL SCORE,calc,ATMOS overall score:,"[atmos11_score]+[atmos12_score]+[atmos13_score]+[atmos14_score]+[atmos15_score]+
[atmos21_score]+[atmos22_score]+[atmos23_score]+[atmos24_score]+[atmos25_score]+[atmos26_score]+
[atmos31_score]+[atmos32_score]+[atmos33_score]+[atmos34_score]+
[atmos41_score]+[atmos42_score]+[atmos43_score]+[atmos44_score]+[atmos45_score]+[atmos46_score]",This score represents the sum of your responses to all self-assessment questions in this survey.,,,,,,,,,,,
